Débit,Nb de clusters,Nb d'utilisateurs par cluster
1 Gbps,40382,2.1789163488683077
2 Gbps,24505,3.5906549683738014
4 Gbps,18781,4.685000798679517
