max_threshold_PIR,nb_cluster,nb_moyen_users_par_clusters
1000,46979,1.8729219438472509
2000,44802,1.9639301816883172
4000,44652,1.9705276359401596
