Débit,Nb de clusters,Nb d'utilisateurs par cluster
1 Gbps,245,1.0204081632653061
2 Gbps,245,1.0204081632653061
4 Gbps,245,1.0204081632653061
