Débit,Nb de clusters,Nb d'utilisateurs par cluster
1 Gbps,14,6284.928571428572
2 Gbps,14,6284.928571428572
4 Gbps,14,6284.928571428572
