Débit,Nb de clusters,Nb d'utilisateurs par cluster
1 Gbps,44802,1.9639525021204411
2 Gbps,44802,1.9639525021204411
4 Gbps,44802,1.9639525021204411
